{"VanillaKun45":{"R":1474.4863623530111,"RD":98.48889852219791,"A":0,"d2":0,"w":0.0,"l":1.0,"elo":984.0},"mummypikachu":{"R":1525.5136376469889,"RD":98.48889852219791,"A":0,"d2":0,"w":1.0,"l":0.0,"elo":1016.0},"Megalos":{"R":1525.5136376469889,"RD":98.48889852219791,"A":0,"d2":0,"w":1.0,"l":0.0,"elo":1016.0},"Sigma_Alt":{"R":1474.4863623530111,"RD":98.48889852219791,"A":0,"d2":0,"w":0.0,"l":1.0,"elo":984.0}}